{"cameraMode":{"drawMode":0,"name":"Shaded","section":"Shading Mode"},"sceneLighting":false,"audioPlay":false,"sceneViewState":{"showFog":true,"showMaterialUpdate":false,"showSkybox":true,"showFlares":true,"showImageEffects":true,"showParticleSystems":true},"in2DMode":false,"pivot":{"x":13.629481315612793,"y":13.579757690429688,"z":-2.7476658821105959},"rotation":{"x":-0.6109004616737366,"y":-0.013779425993561745,"z":0.010629040189087391,"w":-0.7915230393409729},"size":20.41689109802246,"orthographic":false}