{"cameraMode":{"drawMode":0,"name":"Shaded","section":"Shading Mode"},"sceneLighting":false,"audioPlay":false,"sceneViewState":{"showFog":true,"showMaterialUpdate":false,"showSkybox":true,"showFlares":true,"showImageEffects":true,"showParticleSystems":true},"in2DMode":false,"pivot":{"x":24.032958984375,"y":-25.20203971862793,"z":31.913619995117189},"rotation":{"x":-0.3962528109550476,"y":-0.05861296504735947,"z":0.02535087801516056,"w":-0.9159277677536011},"size":77.26924133300781,"orthographic":false}