{"cameraMode":{"drawMode":0,"name":"Shaded","section":"Shading Mode"},"sceneLighting":false,"audioPlay":false,"sceneViewState":{"showFog":true,"showMaterialUpdate":false,"showSkybox":true,"showFlares":true,"showImageEffects":true,"showParticleSystems":true},"in2DMode":false,"pivot":{"x":-9.019481658935547,"y":-13.65860366821289,"z":13.428044319152832},"rotation":{"x":-0.2658521831035614,"y":0.3828720152378082,"z":-0.11605719476938248,"w":-0.8770802617073059},"size":57.32421875,"orthographic":false}